{
  "src": [
    "audio.ogg",
    "audio.mp3"
  ],
  "sprite": {
    "barkDucks": [
      0,
      6988.820861678004
    ],
    "champ": [
      8000,
      6479.433106575964
    ],
    "gunSound": [
      16000,
      614.9433106575976
    ],
    "laugh": [
      18000,
      2012.49433106576
    ],
    "loserSound": [
      22000,
      5264.739229024944
    ],
    "ohYeah": [
      29000,
      301.4739229024954
    ],
    "quacking": [
      31000,
      6817.959183673466,
      true
    ],
    "quak": [
      39000,
      783.6734693877575
    ],
    "sniff": [
      41000,
      1985.306122448982,
      true
    ],
    "thud": [
      44000,
      223.10657596371897
    ]
  }
}