{
  "src": [
    "audio.ogg",
    "audio.mp3"
  ],
  "sprite": {
    "barkDucks": [
      0,
      5774.126984126984
    ],
    "champ": [
      7000,
      6479.433106575964
    ],
    "gunSound": [
      15000,
      614.9433106575959
    ],
    "laugh": [
      17000,
      2012.49433106576
    ],
    "loserSound": [
      21000,
      5264.739229024944
    ],
    "ohYeah": [
      28000,
      301.4739229024954
    ],
    "quacking": [
      30000,
      6817.959183673466,
      true
    ],
    "quak": [
      38000,
      783.6734693877575
    ],
    "sniff": [
      40000,
      1985.306122448982,
      true
    ],
    "startScreen": [
      43000,
      4781.473922902493
    ],
    "thud": [
      49000,
      223.10657596371897
    ]
  }
}